"field_name","title","name","version","intent","description","data_publishing_system","ui_element","reference_files","edit_data_source_url","pages","tags","groups","contributors","topics","licenses","author","data_dictionary_type","data_dictionary","program_contact_email","public_access_level","rights","homepage","data_standard","language","related_content","metric","data_methodology","documentation_template","updated","data_attributes_/_options","calculations","datasets","ui_code_in_github","ui_tags","published","image","order"
"","Schools may reopen in these counties","schools-may-reopen","v1.0.0","","Which schools may reopen in which county. This WordPress data table provides two data sources. One for the counties
","[""Wordpress Data Table, published to covid-static""]","","","","","[""COVID-19"",""Schools""]","","","[""COVID-19""]","","","","","","","","","","[""English""]","","","","
","2021-03-17T01:08:00.000Z","","","schools-may-reopen, schools-may-reopen-in-these-counties.json","","[""Web component""]","","","3"
"","County regions","countyregions","v1.0.0","","Used for Regional Stay at Home Order (RSHO). Assignments of RSHO to California counties.
Used to be a spreadsheet, but now the data lives as JSON in github.","[""Wordpress Data Table, published to covid-static""]","","","","","[""COVID-19"",""Regional Stay at Home Order""]","","","[""COVID-19""]","","","","","","","","","","[""English""]","","","","","2021-03-17T01:08:00.000Z","","","countyregions","","[""Web component""]","","","3"
"","County status","countystatus","v1.0.0","","County Tier Status. Is updated weekly or as needed. A FaaS service runs with the script posted in ""Edit Data Source"" This script pulls data from Snowflake.","[""Wordpress Data Table, published to covid-static""]","","","","","[""COVID-19"",""Blueprint for a Safer Economy Tiers""]","","","[""COVID-19""]","","","","","","","","","","[""English""]","","","","","2021-03-17T01:08:00.000Z","","","countystatus","https://github.com/cagov/covid19/tree/master/src/js/roadmap","[""Web component""]","","","3"
"","Reopening Roadmap, Activity Business Search Data","covid19-activity-business-search-data","v2.0.0","","What's Open autocomplete search data & tier modifications.
","[""Airtable database, will be published to covid-static""]","","","","","[""COVID-19"",""State industry guidance"",""What's open search"",""Blueprint for a Safer Economy Tiers"",""Industry guidance""]","","","[""COVID-19""]","","","","","","","","","","[""English""]","","","","","2021-03-17T01:08:00.000Z","","","covid19-activity-business-search-data","","[""Web component""]","","","10"
"","COVID-19 County Webpages","covid19-county-webpage","v2.0.0","","Data source for county COVID-19 webpages.","[""Airtable database, will be published to covid-static""]","","","","","[""COVID-19"",""State industry guidance"",""What's open search"",""Blueprint for a Safer Economy Tiers"",""Industry guidance""]","","","[""COVID-19""]","","","","","","","","","","[""English""]","","","","","2021-03-17T01:08:00.000Z","","","covid19-county-webpage","","[""Web component""]","","","10"
"","COVID-19 State Industry Guidance Additional Resources","covid19-industry-guidance-additional-resources","v2.0.0","","Optional messages and additional links to files outside covid19.ca.gov guidance publishing system.","[""Airtable database, will be published to covid-static""]","","","","","[""COVID-19"",""State industry guidance"",""What's open search"",""Blueprint for a Safer Economy Tiers"",""Industry guidance""]","","","[""COVID-19""]","","","","","","","","","","[""English""]","","","","","2021-03-17T01:08:00.000Z","","","covid19-industry-guidance-additional-resources","","[""Web component""]","","","10"
"","COVID-19 Industry Guidance Categories","covid19-industry-guidance-categories","v2.0.0","","Industry Guidance categories and their publishing statuses. Used as a key for related guidance, file publishing and tracking.","[""Airtable database, will be published to covid-static""]","","","","","[""COVID-19"",""State industry guidance"",""What's open search"",""Blueprint for a Safer Economy Tiers"",""Industry guidance""]","","","[""COVID-19""]","","","","","","","","","","[""English""]","","","","","2021-03-17T01:08:00.000Z","","","covid19-industry-guidance-categories","","[""Web component""]","","","10"
"","covid19-industry-guidance-pdf-link","covid19-industry-guidance-pdf-links","v2.0.0","","Published State Guidance PDF files. Syncs from PDF History table after syncing with covid-static git log. covid-static git repo syncs to our static file server.","[""Airtable database, will be published to covid-static""]","","","","","[""COVID-19"",""State industry guidance"",""What's open search"",""Blueprint for a Safer Economy Tiers"",""Industry guidance""]","","","[""COVID-19""]","","","","","","","","","","[""English""]","","","","","2021-03-17T01:08:00.000Z","","","covid19-industry-guidance-pdf-links","","[""Web component""]","","","10"
"","covid19-language-keys","covid19-language-keys","v2.0.0","","Language & language codes used to tag state industry guidance.","[""Airtable database, will be published to covid-static""]","","","","","[""COVID-19"",""State industry guidance"",""What's open search"",""Blueprint for a Safer Economy Tiers"",""Industry guidance""]","","","[""COVID-19""]","","","","","","","","","","[""English""]","","","","","2021-03-17T01:08:00.000Z","","","covid19-language-keys","","[""Web component""]","","","10"
"","Related Guidance Metadata","covid19-related-guidance-metadata","v2.0.0","","Any optional messaging for a state industry guidance category.","[""Airtable database, will be published to covid-static""]","","","","","[""COVID-19"",""State industry guidance"",""What's open search"",""Blueprint for a Safer Economy Tiers"",""Industry guidance""]","","","[""COVID-19""]","","","","","","","","","","[""English""]","","","
","","2021-03-17T01:08:00.000Z","","","covid19-related-guidance-metadata","","[""Web component""]","","","10"
"","covid19-state-industry-guidance","covid19-state-industry-guidance","v2.0.0","Provide visibility, transparency and structured data for State Industry Guidance to make it easy for Californians to find the information they need to keep safe.
","A dataset aggregated from State Industry Guidance tables managed and edited in Airtable.","[""Airtable database, will be published to covid-static""]","","","","","[""COVID-19"",""State industry guidance"",""What's open search"",""Blueprint for a Safer Economy Tiers"",""Industry guidance""]","","","[""COVID-19""]","","","","","","","","","","[""English""]","","","","","2021-03-17T01:08:00.000Z","","","covid19-state-industry-guidance","","[""Web component""]","","","10"
"","Regions Closed","regionsclosed","v1.0.0","","County regions currently closed for Regional Stay at Home Order restrictions.","[""Wordpress Data Table, published to covid-static""]","","","","","[""COVID-19"",""Regional Stay at Home Order"",""Closures""]","","","[""COVID-19""]","","","","","","","","","","[""English""]","","","","","2021-03-17T01:08:00.000Z","","","regionsclosed","","[""Web component""]","","","3"
"","Reopening Activities","reopening-activities","v1.0.0","","A file generated by the 11ty build process that moves the reopening-roadmap-activity-data from Wordpress table data to the local docs file to be available to the statically generated site.","[""Wordpress Data Table, published to covid-static""]","","","","","[""COVID-19"",""Reopening Roadmap "",""Blueprint for a Safer Economy Tiers"",""What's open search"",""State industry guidance""]","","","[""COVID-19""]","","","","","","","","","","[""English""]","","","","","2021-03-17T01:08:00.000Z","","","reopening-activities","","[""Web component""]","","","3"
"","Reopening Matrix Data","reopening-matrix-data","v1.0.0","","This data is used to populate the matrix on this page...
https://covid19.ca.gov/safer-economy/
Every column without a ""_"" will be translated.","[""Wordpress Data Table, published to covid-static""]","","","","","[""COVID-19"",""Reopening Roadmap "",""Blueprint for a Safer Economy Tiers""]","","","[""COVID-19""]","","","","","","","","","","[""English""]","","","","","2021-03-17T01:08:00.000Z","","","reopening-matrix-data","","[""Web component""]","","","3"
"","reopening-roadmap-activity-data","reopening-roadmap-activity-data","v1.0.0","","Data used for What's Open search. Associates autocomplete results with tier data.","[""Wordpress Data Table, published to covid-static""]","","","","","[""COVID-19"",""Reopening Roadmap "",""Blueprint for a Safer Economy Tiers"",""What's open search"",""State industry guidance""]","","","[""COVID-19""]","","","","","","","","","","[""English""]","","","","","2021-03-17T01:08:00.000Z","","","reopening-roadmap-activity-data","","[""Web component""]","","","3"
"","rsho","rsho","v1.0.0","","Was used for Regional Stay at Home order.","[""Wordpress Data Table, published to covid-static""]","","","","","[""COVID-19"",""Regional Stay at Home Order""]","","","[""COVID-19""]","","","","","","","","","","[""English""]","","","","","2021-03-17T01:08:00.000Z","","","rsho","","[""Web component""]","","","3"
"","statusdescriptors","statusdescriptors","v1.0.0","","Tier status descriptors.","[""Wordpress Data Table, published to covid-static""]","","","","","[""COVID-19"",""Blueprint for a Safer Economy Tiers"",""Web UI Labels""]","","","[""COVID-19""]","","","","","","","","","","[""English""]","","","","","2021-03-17T01:08:00.000Z","","","statusdescriptors","","[""Web component""]","","","3"
"","safer-economy-lang","safer-economy-lang","v1.0.0","Provide translatable interface strings for reopening search tool.
","This table is used to to get the text fields for the search box on Safer Economy. https://covid19.ca.gov/safer-economy/","[""Wordpress Data Table, published to covid-static""]","","","","","[""COVID-19"",""Web UI Labels""]","","","[""COVID-19""]","","","","","","","","","","[""English""]","","","","","2021-03-17T01:08:00.000Z","","","safer-economy-lang","","[""Web component""]","","","3"
"","Summary - statewide","The disparities in our diverse communities are severe","v1.0.0","Show summary charts that make the main point of the page (if users stopped after seeing just those)","COVID-19 disproportionately affects California’s low income, Latino, Black, and Pacific Islander communities, as well as essential workers such as those in health care, grocery, and cleaning services.","[""Snowflake data pulled by FaaS script and published to Github""]","","","","","[""COVID-19"",""State Dashboard""]","","","[""COVID-19""]","","","","","","","","","","[""English""]","","**R/E case rate, median income case rate, health equity metric**

**Metric value = all %s**


","","","2021-03-17T01:08:00.000Z","- Case rate of Latino, black + NHPI
- Case rate of median income <40K
- Lowest 25% testing positivity

","","CasesAndDeathsByDemographic, CasesLowIncome","","[""Web component""]","","","6"
"","% Missingness by Race and Ethnicity (R/E)","Data completeness is critical to addressing inequity: Reporting by race and ethnicitData completeness is critical to addressing inequityy in California","v1.0.0","“The disparities among race and ethnicity lines are so important and we don’t have the data to describe it”","We know a lot about the impact of COVID-19 on certain communities, but we can better invest our resources by increasing the collection of race, ethnicity, and sexual orientation and gender identity data. This data collection requires close cooperation with private sector partners, laboratories, and state and county officials. View resources on how to improve reporting.","[""Snowflake data pulled by FaaS script and published to Github""]","","","","","[""COVID-19"",""Equity"",""Data completeness"",""Race and ethnicity""]","","","[""COVID-19""]","","","","","","","","","","[""English""]","","**% Missing Race/Ethnicity Data** (Testing, Cases and Deaths) – by County 

**Metric value = all %s**


","","","2021-03-17T01:08:00.000Z","Unknown data for Case, Deaths, and Testing
","","MissingnessData","https://github.com/cagov/covid19/blob/master/src/js/equity-dash/charts/data-completeness/index.js","[""Web component"",""d3 chart""]","","","6"
"","% Missingness by Race and Ethnicity (R/E)","Data completeness is critical to addressing inequity: Reporting by race and ethnicitData completeness is critical to addressing inequityy in California","v1.0.0","“The disparities among race and ethnicity lines are so important and we don’t have the data to describe it”","We know a lot about the impact of COVID-19 on certain communities, but we can better invest our resources by increasing the collection of race, ethnicity, and sexual orientation and gender identity data. This data collection requires close cooperation with private sector partners, laboratories, and state and county officials. View resources on how to improve reporting.","[""Snowflake data pulled by FaaS script and published to Github""]","","","","","[""COVID-19"",""Equity"",""Data completeness"",""Race and ethnicity""]","","","[""COVID-19""]","","","","","","","","","","[""English""]","","**% Missing Race/Ethnicity Data** (Testing, Cases and Deaths) – by County 

**Metric value = all %s**


","","","2021-03-17T01:08:00.000Z","Unknown data for Case, Deaths, and Testing
","","MissingnessData","https://github.com/cagov/covid19/blob/master/src/js/equity-dash/charts/data-completeness/index.js","[""Web component"",""d3 chart""]","","","6"
"","% Missingness by Race and Ethnicity (R/E)","Data completeness is critical to addressing inequity: Reporting by race and ethnicitData completeness is critical to addressing inequityy in California","v1.0.0","“The disparities among race and ethnicity lines are so important and we don’t have the data to describe it”","We know a lot about the impact of COVID-19 on certain communities, but we can better invest our resources by increasing the collection of race, ethnicity, and sexual orientation and gender identity data. This data collection requires close cooperation with private sector partners, laboratories, and state and county officials. View resources on how to improve reporting.","[""Snowflake data pulled by FaaS script and published to Github""]","","","","","[""COVID-19"",""Equity"",""Data completeness"",""Race and ethnicity""]","","","[""COVID-19""]","","","","","","","","","","[""English""]","","**% Missing Race/Ethnicity Data** (Testing, Cases and Deaths) – by County 

**Metric value = all %s**


","","","2021-03-17T01:08:00.000Z","Unknown data for Case, Deaths, and Testing
","","MissingnessData","https://github.com/cagov/covid19/blob/master/src/js/equity-dash/charts/data-completeness/index.js","[""Web component"",""d3 chart""]","","","6"
"","Proportion by Race and Ethnicity (R/E)","COVID-19 impact by race and ethnicity: Cases, deaths and tests rate relative to percentage of population in California","v1.0.0","See how Latinx is only x% of population and yet y% of cases”","","[""Snowflake data pulled by FaaS script and published to Github""]","","","","","[""COVID-19"",""Equity""]","","","[""COVID-19""]","","","","","","","","","","[""English""]","","**Proportion **(Testing, Cases, Deaths) – by County

**Metric value = %**


","","","2021-03-17T01:08:00.000Z","- R/E of total cases, deaths, testing

","","CumulativeData","https://github.com/cagov/covid19/blob/master/src/js/equity-dash/charts/relative-percentage-by-100k/index.js","[""Web component"",""d3 chart""]","","","6"
"","R/E Rate relative to population","COVID-19 impact by race and ethnicity: Cases, deaths and tests rate per 100K by race and ethnicity group in California","v1.0.0","“Despite not having complete data, the data we have does show there is a disproportionate impact on certain communities” e.g 6/10,000 Latinos have COVID “More evidence of above.","","[""Snowflake data pulled by FaaS script and published to Github""]","","","","","[""COVID-19"",""Equity""]","","","[""COVID-19""]","","","Developer notes","https://github.com/cagov/covid19/blob/master/src/js/equity-dash/charts/relative-percentage-by-pop/README.md","","","","","","[""English""]","","
**Rate** – show the proportion of cases, testing, deaths by gender, age, and R/E in comparison to their percent of the total population 
 
**Metric value = rate by 100K**
","","","2021-03-17T00:54:00.000Z","
- % of Cases, deaths and testing of R/E / Population of R/E (\*100,000)

","","CumulativeStatewideData","https://github.com/cagov/covid19/tree/master/src/js/equity-dash/charts/relative-percentage-by-pop","[""Web component"",""d3 chart""]","","","6"
"","Income","Factors that increase risk of infection and severe illness","v1.0.0","“This is more than about race”","Californians in crowded housing or transportation, and with less access to paid leave and other worker protections, have a higher risk of infection of COVID-19. Social determinants of health, such as food insecurity, lack of health insurance, and housing instability can increase the risk of poor outcomes. These social determinants of health are often the result of structural racism.","[""Snowflake data pulled by FaaS script and published to Github""]","","","","","[""COVID-19"",""Income"",""Equity""]","","","[""COVID-19""]","","","","","","","","","","[""English""]","","Case rate by median income 
","","","2021-03-17T00:54:00.000Z","
- Median income

","","SocialData, SocialData, SocialData","https://github.com/cagov/covid19/blob/master/src/js/equity-dash/charts/social-determinants/index.js","[""Web component"",""d3 chart""]","","","6"
"","Crowded housing ","Factors that increase risk of infection and severe illness","v1.0.0","“This is more than about race”","Californians in crowded housing or transportation, and with less access to paid leave and other worker protections, have a higher risk of infection of COVID-19. Social determinants of health, such as food insecurity, lack of health insurance, and housing instability can increase the risk of poor outcomes. These social determinants of health are often the result of structural racism.","[""Snowflake data pulled by FaaS script and published to Github""]","","","","","[""COVID-19"",""Crowded housing"",""Equity""]","","","[""COVID-19""]","","","","","","","","","","[""English""]","","Case rate by crowded housing 
","","","2021-03-17T00:54:00.000Z","Crowded housing
","","SocialData","https://github.com/cagov/covid19/blob/master/src/js/equity-dash/charts/social-determinants/index.js","[""Web component"",""d3 chart""]","","","6"
"","Proportion by Race and Ethnicity (R/E)","COVID-19 impact by race and ethnicity: Cases, deaths and tests rate relative to percentage of population in California","v1.0.0","See how Latinx is only x% of population and yet y% of cases”","","[""Snowflake data pulled by FaaS script and published to Github""]","","","","","[""COVID-19"",""Race and ethnicity"",""Equity""]","","","[""COVID-19""]","","","","","","","","","","[""English""]","","**Proportion **(Testing, Cases, Deaths) – by County

**Metric value = %**


","","","2021-03-17T01:08:00.000Z","R/E of total population
","","CumulativeData","https://github.com/cagov/covid19/blob/master/src/js/equity-dash/charts/relative-percentage-by-100k/index.js","[""Web component"",""d3 chart""]","","","6"
"","Access to health insurance","Factors that increase risk of infection and severe illness","v1.0.0","“This is more than about race”","Californians in crowded housing or transportation, and with less access to paid leave and other worker protections, have a higher risk of infection of COVID-19. Social determinants of health, such as food insecurity, lack of health insurance, and housing instability can increase the risk of poor outcomes. These social determinants of health are often the result of structural racism.","[""Snowflake data pulled by FaaS script and published to Github""]","","","","","[""COVID-19"",""Health insurance"",""Equity""]","","","[""COVID-19""]","","","","","","","","","","[""English""]","","Case rate by those that live without health insurance 
","","","2021-03-17T00:54:00.000Z","Health insurance access
","","SocialData","https://github.com/cagov/covid19/blob/master/src/js/equity-dash/charts/social-determinants/index.js","[""Web component"",""d3 chart""]","","","6"
"","Equity metric - test positivity","COVID-19 health equity metric","v1.0.0","“This is so important that we use this to determine a county’s reopening” (so that everyone is brought along)","The health equity metric measures the positivity rate in the most disproportionately-impacted communities. These communities are identified in the Healthy Places Index as census tracts that have less healthy community conditions such as low median income, education completeness, and health care access. The Blueprint for a Safer Economy ensures that counties address COVID-19 in all communities. To open further, the health equity metric cannot significantly fall behind overall county positivity rates.

","[""Snowflake data pulled by FaaS script and published to Github""]","","","","","[""COVID-19"",""Health quartile positivity"",""Equity""]","","","[""COVID-19""]","","","","","","","","","","[""English""]","","Testing positivity in the lowest 25% of the healthy places HE index, by county
","","","2021-03-17T00:54:00.000Z","- Test positivity rate
- Lowest 25% healthy HE index

","","HealthEquityData","https://github.com/cagov/covid19/blob/master/src/js/equity-dash/charts/healthy-places-index/index.js","[""Web component"",""d3 chart""]","","","6"
"","SOGI % missingness","","v1.0.0","Also note that we don’t have SOGI information","","[""Snowflake data pulled by FaaS script and published to Github""]","","","","","[""COVID-19"",""Sexual orientation and gender identity"",""Equity""]","","","[""COVID-19""]","","","","","","","","","","[""English""]","","% Missing SOGI Data (Cases and Deaths) by County
","","","2021-03-17T01:09:00.000Z","Unknown data for Cases and Deaths for SO and GI
","","MissingnessSOGIData","","","","","6"
"","Race/Ethnicity list","","v1.0.0","","","[""String transformation in covid19 code""]","","","","","[""COVID-19"",""Equity"",""Race and ethnicity""]","","","[""COVID-19""]","","","","","","","","","","[""English""]","","","","","2021-03-17T00:54:00.000Z","- Black
- American Indian or Alaska Native (AI/AN)
- Asian American
- Latino
- Multi-Race
- Native Hawaiian and other Pacific Islander (NHPI)
- White
- Other
- Unknown

","","","","","","","6"
"","Covid Tracker Box","Tracking COVID-19 in CA","v2.0.0","Show daily stats about Covid-19 in California.","Cases box, Deaths Box, Testing Box, Vaccines box, and various paragraph text throughout the page","[""Snowflake data pulled by FaaS script and published to Github""]","","","","","[""COVID-19""]","","","[""COVID-19""]","","","","","","","","","","[""English""]","","","","","2021-03-30T00:19:00.000Z","","","daily-stats-v2.metrics, daily-stats-v2.hospitalizations, daily-stats-v2.data.vaccinations","","[""Web component""]","","[{""id"":""attNvWoDa9S0Kv5yg"",""url"":""https://dl.airtable.com/.attachments/aac145534ccadf95255f370f96f1826d/07e5d8ca/ScreenShot2021-03-16at2_56_53PM.png"",""filename"":""Screen Shot 2021-03-16 at 2_56_53 PM.png"",""size"":76735,""type"":""image/png"",""thumbnails"":{""small"":{""url"":""https://dl.airtable.com/.attachmentThumbnails/7c54be3770011808236ad01ef12ed6ab/df41143f"",""width"":43,""height"":36},""large"":{""url"":""https://dl.airtable.com/.attachmentThumbnails/ad62fdbece08a314f979aa38694bded5/65784c7f"",""width"":614,""height"":512},""full"":{""url"":""https://dl.airtable.com/.attachmentThumbnails/c5e032e66bf2a653b796e98460516b10/ec32e561"",""width"":3000,""height"":3000}}}]","1"
"","Telehealth","","","","","","","","","","[""COVID-19""]","","","[""COVID-19""]","","","","","","","","","","[""English""]","","","","","2021-03-17T00:55:00.000Z","","","telehealth","","","","","20"
"","Vaccines","","","","","","","","","","[""COVID-19"",""Vaccines""]","","","[""COVID-19""]","","","","","","","","","","[""English""]","","","","","2021-03-17T00:55:00.000Z","","","vaccines","","","","","5"
"","Vaccination by Groups: Race and Ethnicity","People with at least one dose of vaccine administered by race and ethnicity in California","v1.0.0","The distribution of first vaccine doses by race and ethnicity, age, and gender is shown below. Providing this information is voluntary and not required for vaccination. 

Initially, vaccination was limited to healthcare workers and long-term care residents. Hence the data reflects those populations more than other California residents. Data shows the cumulative total administered and are updated daily.","The distribution of first vaccine doses by race and ethnicity, age, and gender is shown below. Providing this information is voluntary and not required for vaccination. 

Initially, vaccination was limited to healthcare workers and long-term care residents. Hence the data reflects those populations more than other California residents. Data shows the cumulative total administered and are updated daily.","[""Snowflake data pulled by FaaS script and published to Github""]","","","","","[""Vaccinations"",""Equity"",""Race and ethnicity""]","[""CDPH"",""ODI""]","","[""COVID-19""]","","","","","","","","","","[""English""]","","","","","2021-03-17T00:55:00.000Z","","","vaccines_by_race_ethnicity_california","https://github.com/cagov/covid19/tree/master/src/js/vaccines/charts/cagov-chart-vaccination-groups-race-ethnicity","[""Web component"",""d3 chart""]","","","5"
"","Vaccination by Groups: Age","People with at least one dose of vaccine administered by age in California","v1.0.0","The distribution of first vaccine doses by race and ethnicity, age, and gender is shown below. Providing this information is voluntary and not required for vaccination. 

Initially, vaccination was limited to healthcare workers and long-term care residents. Hence the data reflects those populations more than other California residents. Data shows the cumulative total administered and are updated daily.","The distribution of first vaccine doses by race and ethnicity, age, and gender is shown below. Providing this information is voluntary and not required for vaccination. 

Initially, vaccination was limited to healthcare workers and long-term care residents. Hence the data reflects those populations more than other California residents. Data shows the cumulative total administered and are updated daily.","[""Snowflake data pulled by FaaS script and published to Github""]","","","","","[""Vaccinations"",""Equity"",""Age""]","[""CDPH"",""ODI""]","","[""COVID-19""]","","","","","","","","","","[""English""]","","","","","2021-03-17T00:55:00.000Z","","","vaccines_by_age_california","https://github.com/cagov/covid19/tree/master/src/js/vaccines/charts/cagov-chart-vaccination-groups-age","[""Web component"",""d3 chart""]","","","5"
"","Vaccination by Groups: Gender","People with at least one dose of vaccine administered by gender in California","v1.0.0","The distribution of first vaccine doses by race and ethnicity, age, and gender is shown below. Providing this information is voluntary and not required for vaccination. 

Initially, vaccination was limited to healthcare workers and long-term care residents. Hence the data reflects those populations more than other California residents. Data shows the cumulative total administered and are updated daily.","The distribution of first vaccine doses by race and ethnicity, age, and gender is shown below. Providing this information is voluntary and not required for vaccination. 

Initially, vaccination was limited to healthcare workers and long-term care residents. Hence the data reflects those populations more than other California residents. Data shows the cumulative total administered and are updated daily.","[""Snowflake data pulled by FaaS script and published to Github""]","","","","","[""Vaccinations"",""Equity"",""Gender""]","[""CDPH"",""ODI""]","","[""COVID-19""]","","","","","","","","","","[""English""]","","","","","2021-03-17T00:55:00.000Z","","","vaccines_by_gender_california","https://github.com/cagov/covid19/tree/master/src/js/vaccines/charts/cagov-chart-vaccination-groups-gender","[""Web component"",""d3 chart""]","","","5"
"","Vaccination by Groups: Race and Ethnicity, County","People with at least one dose of vaccine administered by race and ethnicity in [COUNTY]","v1.0.0","The distribution of first vaccine doses by race and ethnicity, age, and gender is shown below. Providing this information is voluntary and not required for vaccination. 

Initially, vaccination was limited to healthcare workers and long-term care residents. Hence the data reflects those populations more than other California residents. Data shows the cumulative total administered and are updated daily.","The distribution of first vaccine doses by race and ethnicity, age, and gender is shown below. Providing this information is voluntary and not required for vaccination. 

Initially, vaccination was limited to healthcare workers and long-term care residents. Hence the data reflects those populations more than other California residents. Data shows the cumulative total administered and are updated daily.","[""Snowflake data pulled by FaaS script and published to Github""]","","","","","[""Vaccinations"",""Equity"",""Race and ethnicity""]","[""CDPH"",""ODI""]","","[""COVID-19""]","","","","","","","","","","[""English""]","","","","","2021-03-17T00:55:00.000Z","","","vaccines_by_race_ethnicity_{county}","https://github.com/cagov/covid19/tree/master/src/js/vaccines/charts/cagov-chart-vaccination-groups-race-ethnicity","[""Web component"",""d3 chart""]","","","5"
"","Vaccination by Groups: Age, County","People with at least one dose of vaccine administered by age in [COUNTY]","v1.0.0","The distribution of first vaccine doses by race and ethnicity, age, and gender is shown below. Providing this information is voluntary and not required for vaccination. 

Initially, vaccination was limited to healthcare workers and long-term care residents. Hence the data reflects those populations more than other California residents. Data shows the cumulative total administered and are updated daily.","The distribution of first vaccine doses by race and ethnicity, age, and gender is shown below. Providing this information is voluntary and not required for vaccination. 

Initially, vaccination was limited to healthcare workers and long-term care residents. Hence the data reflects those populations more than other California residents. Data shows the cumulative total administered and are updated daily.","[""Snowflake data pulled by FaaS script and published to Github""]","","","","","[""Vaccinations"",""Equity"",""Age""]","[""CDPH"",""ODI""]","","[""COVID-19""]","","","","","","","","","","[""English""]","","","","","2021-03-17T00:55:00.000Z","","","vaccines_by_age_{county}","https://github.com/cagov/covid19/tree/master/src/js/vaccines/charts/cagov-chart-vaccination-groups-age","[""Web component"",""d3 chart""]","","","5"
"","Vaccination by Groups: Gender, County","People with at least one dose of vaccine administered by gender in [COUNTY]","v1.0.0","The distribution of first vaccine doses by race and ethnicity, age, and gender is shown below. Providing this information is voluntary and not required for vaccination. 

Initially, vaccination was limited to healthcare workers and long-term care residents. Hence the data reflects those populations more than other California residents. Data shows the cumulative total administered and are updated daily.","The distribution of first vaccine doses by race and ethnicity, age, and gender is shown below. Providing this information is voluntary and not required for vaccination. 

Initially, vaccination was limited to healthcare workers and long-term care residents. Hence the data reflects those populations more than other California residents. Data shows the cumulative total administered and are updated daily.","[""Snowflake data pulled by FaaS script and published to Github""]","","","","","[""Vaccinations"",""Equity"",""Gender""]","[""CDPH"",""ODI""]","","[""COVID-19""]","","","","","","","","","","[""English""]","","","","","2021-03-17T00:55:00.000Z","","","vaccines_by_gender_{county}","https://github.com/cagov/covid19/tree/master/src/js/vaccines/charts/cagov-chart-vaccination-groups-gender","[""Web component"",""d3 chart""]","","","5"
"","State Dashboard","","v2.0.0","Show daily stats about Covid-19 in California.","Cases box, Deaths Box, Testing Box, Vaccines box, and various paragraph text throughout the page","[""Wordpress page > Web component HTML markup with data labels and attributes > published via Wordpress API to covid19 11ty pages"",""Snowflake data pulled by FaaS script and published to Github""]","","","","","[""COVID-19"",""State Dashboard""]","[""CDPH"",""ODI""]","","[""COVID-19""]","","","","","","","","","","[""English""]","","","","","2021-03-30T00:19:00.000Z","","","CovidStateDashboardV2, vaccines, vaccines.metrics, vaccines.hospitalizations","","[""Web component""]","","[{""id"":""att1heBXt94rCNkRP"",""url"":""https://dl.airtable.com/.attachments/5e0a9e6932fbebb640f0caf4f37b5a74/be3bbf73/ScreenShot2021-03-29at5_18_44PM.png"",""filename"":""Screen Shot 2021-03-29 at 5_18_44 PM.png"",""size"":99728,""type"":""image/png"",""thumbnails"":{""small"":{""url"":""https://dl.airtable.com/.attachmentThumbnails/26cce10bfa5e10a9ee775efa2b2775f4/51d51bf9"",""width"":85,""height"":36},""large"":{""url"":""https://dl.airtable.com/.attachmentThumbnails/a041b81ec891502b21faaffc1ef5866b/c425aaff"",""width"":1203,""height"":512},""full"":{""url"":""https://dl.airtable.com/.attachmentThumbnails/a6198be7e04babf21c9b5fdd1d5fb2b5/1411d73e"",""width"":3000,""height"":3000}}}]","2"
"","Infections by group: Race and ethnicity, cases","Infections by group","v1.0.0","Infections by group: Race and ethnicity","The distribution of confirmed COVID-19 cases reveals significant disparities within California’s overall racial and ethnic demographics, with Latino and Native Hawaiian / Pacific Islander groups having a disproportionate number of cases relative to their population in the state. Additional COVID-19 race and ethnicity data is available.","[""Snowflake data pulled by FaaS script and published to Github""]","","","","","","[""CDPH"",""ODI""]","","[""COVID-19""]","","","","","","","","","","[""English""]","","","","","2021-03-17T01:02:00.000Z","","","infections-by-group.data.race_and_ethnicity.cases","","[""Web component"",""d3 chart""]","","[{""id"":""attq9dkcd34vBdiAK"",""url"":""https://dl.airtable.com/.attachments/e19127a8213beee3f2bcb0d0ad798d98/e9cbded1/ScreenShot2021-03-16at5_23_00PM.png"",""filename"":""Screen Shot 2021-03-16 at 5_23_00 PM.png"",""size"":139637,""type"":""image/png"",""thumbnails"":{""small"":{""url"":""https://dl.airtable.com/.attachmentThumbnails/78c2800b4f76387eb586f03f44d5e1d9/3b7f2881"",""width"":39,""height"":36},""large"":{""url"":""https://dl.airtable.com/.attachmentThumbnails/21463094ebfbfe8799ae3a7d1bdea966/859f931e"",""width"":549,""height"":512},""full"":{""url"":""https://dl.airtable.com/.attachmentThumbnails/79d82be253fea53d652f5731f97db05c/650822e5"",""width"":3000,""height"":3000}}}]","2"
"","Infections by group: Gender, cases","Infections by group","v1.0.0","Infections by group: Gender","The distribution of confirmed COVID-19 deaths reveals a disparity between genders, with males having a disproportionate number of deaths relative to their population.","[""Snowflake data pulled by FaaS script and published to Github""]","","","","","","[""CDPH"",""ODI""]","","[""COVID-19""]","","","","","","","","","","[""English""]","","","","","2021-03-17T01:02:00.000Z","","","infections-by-group.data.gender.cases","","[""Web component"",""d3 chart""]","","[{""id"":""attoRoyo99UMrc5GO"",""url"":""https://dl.airtable.com/.attachments/26391d51cb4654ac5c2adec6a108b858/1a05f8f6/ScreenShot2021-03-16at5_23_27PM.png"",""filename"":""Screen Shot 2021-03-16 at 5_23_27 PM.png"",""size"":81052,""type"":""image/png"",""thumbnails"":{""small"":{""url"":""https://dl.airtable.com/.attachmentThumbnails/cf3209d643b95a08454e2f068e3576ba/cb495d36"",""width"":61,""height"":36},""large"":{""url"":""https://dl.airtable.com/.attachmentThumbnails/98f4264cebd9f88c058cf8827839bff5/9cda9794"",""width"":870,""height"":512},""full"":{""url"":""https://dl.airtable.com/.attachmentThumbnails/33a336ec08bdf8d4b74bc292c2c38444/62d72cb4"",""width"":3000,""height"":3000}}}]","2"
"","Infections by group: Age, cases","Infections by group","v1.0.0","Infections by group: Age","The distribution of confirmed COVID-19 cases and deaths reveals significant disparities across California’s age groups. People 18-49 have a disproportionate number of cases. People 65 and over have a disproportionate number of deaths.","[""Snowflake data pulled by FaaS script and published to Github""]","","","","","","[""CDPH"",""ODI""]","","[""COVID-19""]","","","","","","","","","","[""English""]","","","","","2021-03-17T01:02:00.000Z","","","infections-by-group.age.cases","","[""Web component"",""d3 chart""]","","[{""id"":""attBQ4wkJ8bGgRqg1"",""url"":""https://dl.airtable.com/.attachments/13fdba633cc6c0855afb52cd4a77af5c/0b10f5bf/ScreenShot2021-03-16at5_24_03PM.png"",""filename"":""Screen Shot 2021-03-16 at 5_24_03 PM.png"",""size"":96312,""type"":""image/png"",""thumbnails"":{""small"":{""url"":""https://dl.airtable.com/.attachmentThumbnails/ff5399d80dd1e333133c0b798d6c42fd/0a64decd"",""width"":50,""height"":36},""large"":{""url"":""https://dl.airtable.com/.attachmentThumbnails/ad9784a20b0eddb90f36fc5a091f6ed4/2be79ac4"",""width"":715,""height"":512},""full"":{""url"":""https://dl.airtable.com/.attachmentThumbnails/18442d237b79a738cc35a3f06f914350/838c439b"",""width"":3000,""height"":3000}}}]","2"
"","Infections by group: Race and ethnicity, deaths","Infections by group","v1.0.0","Infections by group: Race and ethnicity","The distribution of confirmed COVID-19 cases reveals significant disparities within California’s overall racial and ethnic demographics, with Latino and Native Hawaiian / Pacific Islander groups having a disproportionate number of cases relative to their population in the state. Additional COVID-19 race and ethnicity data is available.","[""Snowflake data pulled by FaaS script and published to Github""]","","","","","","[""CDPH"",""ODI""]","","[""COVID-19""]","","","","","","","","","","[""English""]","","","","","2021-03-17T01:02:00.000Z","","","infections-by-group.data.race_and_ethnicity.deaths","","[""Web component"",""d3 chart""]","","[{""id"":""attq9dkcd34vBdiAK"",""url"":""https://dl.airtable.com/.attachments/e19127a8213beee3f2bcb0d0ad798d98/e9cbded1/ScreenShot2021-03-16at5_23_00PM.png"",""filename"":""Screen Shot 2021-03-16 at 5_23_00 PM.png"",""size"":139637,""type"":""image/png"",""thumbnails"":{""small"":{""url"":""https://dl.airtable.com/.attachmentThumbnails/78c2800b4f76387eb586f03f44d5e1d9/3b7f2881"",""width"":39,""height"":36},""large"":{""url"":""https://dl.airtable.com/.attachmentThumbnails/21463094ebfbfe8799ae3a7d1bdea966/859f931e"",""width"":549,""height"":512},""full"":{""url"":""https://dl.airtable.com/.attachmentThumbnails/79d82be253fea53d652f5731f97db05c/650822e5"",""width"":3000,""height"":3000}}}]","2"
"","Infections by group: Gender, deaths","Infections by group","v1.0.0","Infections by group: Gender","The distribution of confirmed COVID-19 deaths reveals a disparity between genders, with males having a disproportionate number of deaths relative to their population.","[""Snowflake data pulled by FaaS script and published to Github""]","","","","","","[""CDPH"",""ODI""]","","[""COVID-19""]","","","","","","","","","","[""English""]","","","","","2021-03-17T01:02:00.000Z","","","infections-by-group.data.gender.deaths","","[""Web component"",""d3 chart""]","","[{""id"":""attoRoyo99UMrc5GO"",""url"":""https://dl.airtable.com/.attachments/26391d51cb4654ac5c2adec6a108b858/1a05f8f6/ScreenShot2021-03-16at5_23_27PM.png"",""filename"":""Screen Shot 2021-03-16 at 5_23_27 PM.png"",""size"":81052,""type"":""image/png"",""thumbnails"":{""small"":{""url"":""https://dl.airtable.com/.attachmentThumbnails/cf3209d643b95a08454e2f068e3576ba/cb495d36"",""width"":61,""height"":36},""large"":{""url"":""https://dl.airtable.com/.attachmentThumbnails/98f4264cebd9f88c058cf8827839bff5/9cda9794"",""width"":870,""height"":512},""full"":{""url"":""https://dl.airtable.com/.attachmentThumbnails/33a336ec08bdf8d4b74bc292c2c38444/62d72cb4"",""width"":3000,""height"":3000}}}]","2"
"","Infections by group: Age, deaths","Infections by group","v1.0.0","Infections by group: Age","The distribution of confirmed COVID-19 cases and deaths reveals significant disparities across California’s age groups. People 18-49 have a disproportionate number of cases. People 65 and over have a disproportionate number of deaths.","[""Snowflake data pulled by FaaS script and published to Github""]","","","","","","[""CDPH"",""ODI""]","","[""COVID-19""]","","","","","","","","","","[""English""]","","","","","2021-03-17T01:02:00.000Z","","","infections-by-group.data.age.cases","","[""Web component"",""d3 chart""]","","[{""id"":""attBQ4wkJ8bGgRqg1"",""url"":""https://dl.airtable.com/.attachments/13fdba633cc6c0855afb52cd4a77af5c/0b10f5bf/ScreenShot2021-03-16at5_24_03PM.png"",""filename"":""Screen Shot 2021-03-16 at 5_24_03 PM.png"",""size"":96312,""type"":""image/png"",""thumbnails"":{""small"":{""url"":""https://dl.airtable.com/.attachmentThumbnails/ff5399d80dd1e333133c0b798d6c42fd/0a64decd"",""width"":50,""height"":36},""large"":{""url"":""https://dl.airtable.com/.attachmentThumbnails/ad9784a20b0eddb90f36fc5a091f6ed4/2be79ac4"",""width"":715,""height"":512},""full"":{""url"":""https://dl.airtable.com/.attachmentThumbnails/18442d237b79a738cc35a3f06f914350/838c439b"",""width"":3000,""height"":3000}}}]","2"
"","Vaccines HPI","","","","","","","","","","","","","","","","","","","","","","","","","","","","2021-03-30T00:18:00.000Z","","","vaccines-hpi","","","","","5"
"","Daily cases and deaths, Total confirmed cases, Episode date","Daily cases and deaths","v2.0.0","Daily cases and deaths, Total confirmed cases, Episode date","California confirmed cases and deaths.","[""Snowflake data pulled by FaaS script and published to Github""]","","","","","","","","","","","","","","","","","","[""English""]","","","Note: Numbers do not represent true day-over-day changes as these results include cases from prior to yesterday. Episode date is the date the event is estimated to have taken place. Reported date is the date the event was reported to the California Department of Public Health. Cases includes people in state and federal prisons, US Immigration and Customs Enforcement facilities, US Marshal detention facilities, and Department of State Hospitals facilities. These groups are excluded from the Blueprint tier assignment calculations, which show different case and test positivity rates. A negative number of reported deaths means that deaths previously attributed to COVID-19 were determined to not be associated with COVID-19.
","","2021-03-30T00:48:00.000Z","","","","","[""Web component"",""d3 chart""]","","[{""id"":""att4T629hkqWI1LbI"",""url"":""https://dl.airtable.com/.attachments/b0df140727e52e0ff21270264fedf443/3cb5a46e/ScreenShot2021-03-29at5_39_57PM.png"",""filename"":""Screen Shot 2021-03-29 at 5_39_57 PM.png"",""size"":51495,""type"":""image/png"",""thumbnails"":{""small"":{""url"":""https://dl.airtable.com/.attachmentThumbnails/e3c24c708b8badf5657d11b2116fe30f/90481f46"",""width"":33,""height"":36},""large"":{""url"":""https://dl.airtable.com/.attachmentThumbnails/09698743ca9914a4097d307b8b15f483/78579e55"",""width"":472,""height"":513},""full"":{""url"":""https://dl.airtable.com/.attachmentThumbnails/a1c99ba76cfe4df78cb0e3483db3f33e/9aa3871b"",""width"":3000,""height"":3000}}}]","2"
"","Daily cases and deaths, Total confirmed cases, Reported date","Daily cases and deaths","v2.0.0","Daily cases and deaths, Total confirmed cases, Reported date","California confirmed cases and deaths.","[""Snowflake data pulled by FaaS script and published to Github""]","","","","","","","","","","","","","","","","","","[""English""]","","","Note: Numbers do not represent true day-over-day changes as these results include cases from prior to yesterday. Episode date is the date the event is estimated to have taken place. Reported date is the date the event was reported to the California Department of Public Health. Cases includes people in state and federal prisons, US Immigration and Customs Enforcement facilities, US Marshal detention facilities, and Department of State Hospitals facilities. These groups are excluded from the Blueprint tier assignment calculations, which show different case and test positivity rates. A negative number of reported deaths means that deaths previously attributed to COVID-19 were determined to not be associated with COVID-19.
","","2021-03-30T00:48:00.000Z","","","","","[""Web component"",""d3 chart""]","","[{""id"":""att8vO7OMnLDGdHnM"",""url"":""https://dl.airtable.com/.attachments/4c288ce94a8508c715b678b4c848ee00/40f5c324/ScreenShot2021-03-29at5_40_06PM.png"",""filename"":""Screen Shot 2021-03-29 at 5_40_06 PM.png"",""size"":49188,""type"":""image/png"",""thumbnails"":{""small"":{""url"":""https://dl.airtable.com/.attachmentThumbnails/a61ec8d5afecd9bbbe8e9e43de8b23b8/59c718f8"",""width"":32,""height"":36},""large"":{""url"":""https://dl.airtable.com/.attachmentThumbnails/cfaef4d02d730d6087392a82cde32cc9/21bb6d6e"",""width"":451,""height"":512},""full"":{""url"":""https://dl.airtable.com/.attachmentThumbnails/69236a6342511a00e4e4fe33f0b1e600/925ef077"",""width"":3000,""height"":3000}}}]","2"
"","Daily cases and deaths, Total confirmed deaths, Death date","Daily cases and deaths","v2.0.0","Daily cases and deaths, Total confirmed deaths, Death date","California confirmed cases and deaths.","[""Snowflake data pulled by FaaS script and published to Github""]","","","","","","","","","","","","","","","","","","[""English""]","","","Note: Numbers do not represent true day-over-day changes as these results include cases from prior to yesterday. Episode date is the date the event is estimated to have taken place. Reported date is the date the event was reported to the California Department of Public Health. Cases includes people in state and federal prisons, US Immigration and Customs Enforcement facilities, US Marshal detention facilities, and Department of State Hospitals facilities. These groups are excluded from the Blueprint tier assignment calculations, which show different case and test positivity rates. A negative number of reported deaths means that deaths previously attributed to COVID-19 were determined to not be associated with COVID-19.
","","2021-03-30T00:48:00.000Z","","","","","[""Web component"",""d3 chart""]","","[{""id"":""attI6Yahm3DYHYy11"",""url"":""https://dl.airtable.com/.attachments/e09e6b6aac49b6ead01d2bb8b7e9e6a2/e7a98df7/ScreenShot2021-03-29at5_41_39PM.png"",""filename"":""Screen Shot 2021-03-29 at 5_41_39 PM.png"",""size"":52019,""type"":""image/png"",""thumbnails"":{""small"":{""url"":""https://dl.airtable.com/.attachmentThumbnails/35aa4ffb75a3d18f6e2ed9aae5b69607/7e6690dd"",""width"":33,""height"":36},""large"":{""url"":""https://dl.airtable.com/.attachmentThumbnails/4836ddb55d2482c49f34fddefee54e59/956e6330"",""width"":477,""height"":519},""full"":{""url"":""https://dl.airtable.com/.attachmentThumbnails/0b34564ad550926367756ef75f0de2b9/7193aa33"",""width"":3000,""height"":3000}}}]","2"
"","Daily cases and deaths, Total confirmed deaths, Reported date","Daily cases and deaths","v2.0.0","Daily cases and deaths, Total confirmed deaths, Reported date","California confirmed cases and deaths.","[""Snowflake data pulled by FaaS script and published to Github""]","","","","","","","","","","","","","","","","","","[""English""]","","","Note: Numbers do not represent true day-over-day changes as these results include cases from prior to yesterday. Episode date is the date the event is estimated to have taken place. Reported date is the date the event was reported to the California Department of Public Health. Cases includes people in state and federal prisons, US Immigration and Customs Enforcement facilities, US Marshal detention facilities, and Department of State Hospitals facilities. These groups are excluded from the Blueprint tier assignment calculations, which show different case and test positivity rates. A negative number of reported deaths means that deaths previously attributed to COVID-19 were determined to not be associated with COVID-19.
","","2021-03-30T00:48:00.000Z","","","","","[""Web component"",""d3 chart""]","","[{""id"":""atte0ZAO5xjgaPx55"",""url"":""https://dl.airtable.com/.attachments/0140b596db8542aeb1d2469b3d1f048c/e937544b/ScreenShot2021-03-29at5_40_19PM.png"",""filename"":""Screen Shot 2021-03-29 at 5_40_19 PM.png"",""size"":53346,""type"":""image/png"",""thumbnails"":{""small"":{""url"":""https://dl.airtable.com/.attachmentThumbnails/b2d9e401353a4210088c5feb06324097/d6e2bc31"",""width"":32,""height"":36},""large"":{""url"":""https://dl.airtable.com/.attachmentThumbnails/1e3ea056363d2d7d73ae6e74f592ede0/5436870b"",""width"":459,""height"":511},""full"":{""url"":""https://dl.airtable.com/.attachmentThumbnails/ad82da17202a36fc63a507eeee46ea2e/b391f0ca"",""width"":3000,""height"":3000}}}]","2"
"","Testing for COVID-19, Total tests, Testing date","Testing for COVID-19","v2.0.0","Testing for COVID-19, Total tests, Testing date","The number of COVID-19 diagnostic test results in California.","[""Snowflake data pulled by FaaS script and published to Github""]","","","","","","","","","","","","","","","","","","[""English""]","","","Note: Testing date is the date the test was administered. Reported date is the date the event was reported to the California Department of Public Health. Reported date data is not available for tests before May 5, 2020. Testing date data excludes out-of-state and unknown jurisdiction tests and total numbers may not match reporting date numbers. Positivity rate is calculated as the number of positive molecular tests divided by the total molecular tests performed. Positivity rate includes people in state and federal prisons, US Immigration and Customs Enforcement facilities, US Marshal detention facilities, and Department of State Hospitals facilities. These groups are excluded from the Blueprint tier assignment calculations, which show different case and test positivity rates. Positivity rate was previously reported as a 14-day average.
","","2021-03-30T00:48:00.000Z","","","","","[""Web component"",""d3 chart""]","","[{""id"":""attveIR8wkRCpj1vM"",""url"":""https://dl.airtable.com/.attachments/23b4baa758914e3ab41230c8decbd35c/d9845df5/ScreenShot2021-03-29at5_43_20PM.png"",""filename"":""Screen Shot 2021-03-29 at 5_43_20 PM.png"",""size"":49136,""type"":""image/png"",""thumbnails"":{""small"":{""url"":""https://dl.airtable.com/.attachmentThumbnails/c8a3d040e7b43c973393dba1e064ac0a/67b30e9e"",""width"":32,""height"":36},""large"":{""url"":""https://dl.airtable.com/.attachmentThumbnails/716dda6524095ed162c09e20c1a3cb66/1acb2183"",""width"":459,""height"":515},""full"":{""url"":""https://dl.airtable.com/.attachmentThumbnails/f20c51a382b1d30b8db34b6b83897fc5/42f548c5"",""width"":3000,""height"":3000}}}]","2"
"","Testing for COVID-19, Total tests, Reported date","Testing for COVID-19","v2.0.0","Testing for COVID-19, Total tests, Reported date","The number of COVID-19 diagnostic test results in California.","[""Snowflake data pulled by FaaS script and published to Github""]","","","","","","","","","","","","","","","","","","[""English""]","","","Note: Testing date is the date the test was administered. Reported date is the date the event was reported to the California Department of Public Health. Reported date data is not available for tests before May 5, 2020. Testing date data excludes out-of-state and unknown jurisdiction tests and total numbers may not match reporting date numbers. Positivity rate is calculated as the number of positive molecular tests divided by the total molecular tests performed. Positivity rate includes people in state and federal prisons, US Immigration and Customs Enforcement facilities, US Marshal detention facilities, and Department of State Hospitals facilities. These groups are excluded from the Blueprint tier assignment calculations, which show different case and test positivity rates. Positivity rate was previously reported as a 14-day average.
","","2021-03-30T00:48:00.000Z","","","","","[""Web component"",""d3 chart""]","","[{""id"":""attuHAfzsWnE1pVQw"",""url"":""https://dl.airtable.com/.attachments/30b00701d9c1acf3ca8b45c8597a0d0f/1f0cd18a/ScreenShot2021-03-29at5_43_30PM.png"",""filename"":""Screen Shot 2021-03-29 at 5_43_30 PM.png"",""size"":49022,""type"":""image/png"",""thumbnails"":{""small"":{""url"":""https://dl.airtable.com/.attachmentThumbnails/03e42dd3c53af36877466aff5e7081fb/5beb5c29"",""width"":32,""height"":36},""large"":{""url"":""https://dl.airtable.com/.attachmentThumbnails/7801755064647a02a5f998e6500bb5ef/3f8156d0"",""width"":451,""height"":513},""full"":{""url"":""https://dl.airtable.com/.attachmentThumbnails/d5b24e5c0e35a1aa49afb2d71a6cd283/2c485263"",""width"":3000,""height"":3000}}}]","2"
"","Testing for COVID-19, Total tests, Positivity rate","Testing for COVID-19","v2.0.0","Testing for COVID-19, Total tests, Positivity rate","The number of COVID-19 diagnostic test results in California.","[""Snowflake data pulled by FaaS script and published to Github""]","","","","","","","","","","","","","","","","","","[""English""]","","","Note: Testing date is the date the test was administered. Reported date is the date the event was reported to the California Department of Public Health. Reported date data is not available for tests before May 5, 2020. Testing date data excludes out-of-state and unknown jurisdiction tests and total numbers may not match reporting date numbers. Positivity rate is calculated as the number of positive molecular tests divided by the total molecular tests performed. Positivity rate includes people in state and federal prisons, US Immigration and Customs Enforcement facilities, US Marshal detention facilities, and Department of State Hospitals facilities. These groups are excluded from the Blueprint tier assignment calculations, which show different case and test positivity rates. Positivity rate was previously reported as a 14-day average.
","","2021-03-30T00:48:00.000Z","","","","","[""Web component"",""d3 chart""]","","[{""id"":""attCdU7u56TYBaCFK"",""url"":""https://dl.airtable.com/.attachments/7886360c450a2870bdcb2c53627681ba/a743b262/ScreenShot2021-03-29at5_43_35PM.png"",""filename"":""Screen Shot 2021-03-29 at 5_43_35 PM.png"",""size"":45238,""type"":""image/png"",""thumbnails"":{""small"":{""url"":""https://dl.airtable.com/.attachmentThumbnails/af8d5173a02a1534df4765bb1d2433ea/327265e2"",""width"":32,""height"":36},""large"":{""url"":""https://dl.airtable.com/.attachmentThumbnails/423221ac86f9240d12f404273824b42c/172ec555"",""width"":460,""height"":514},""full"":{""url"":""https://dl.airtable.com/.attachmentThumbnails/e082b42da531851766c773c9dc12d0af/298df9c0"",""width"":3000,""height"":3000}}}]","2"
"","Impact on hospitals and ICUs, Hospitalized Patients, Intensive Care Unit, ICU","COVID-19 hospitalized patients in California","v2.0.0","COVID-19 hospitalized patients in California","The number of hospitalizations due to confirmed and suspected COVID-19 cases in California","[""Snowflake data pulled by FaaS script and published to Github""]","","","","","","","","","","","","","","","","","","[""English""]","","","
","","2021-03-30T00:51:00.000Z","","","","","[""Web component"",""d3 chart""]","","[{""id"":""attiXdsjv0pRbOSdV"",""url"":""https://dl.airtable.com/.attachments/3e841d468c3ca981e80dbad46987aace/2a9b4f3e/ScreenShot2021-03-29at5_47_10PM.png"",""filename"":""Screen Shot 2021-03-29 at 5_47_10 PM.png"",""size"":43245,""type"":""image/png"",""thumbnails"":{""small"":{""url"":""https://dl.airtable.com/.attachmentThumbnails/2e84e90e77087311df6401ec65320d09/561e5070"",""width"":33,""height"":36},""large"":{""url"":""https://dl.airtable.com/.attachmentThumbnails/a273472d3e57f5b50b4eadd1bed33468/f445a512"",""width"":475,""height"":514},""full"":{""url"":""https://dl.airtable.com/.attachmentThumbnails/2d588b39846a819b4818354e404d962c/dfc62ed5"",""width"":3000,""height"":3000}}}]","2"
"","Impact on hospitals and ICUs, Hospitalized Patients, Hospitalized","Impact on hospitals and ICUs","v2.0.0","Impact on hospitals and ICUs, Hospitalized Patients, Hospitalized","The number of hospitalizations due to confirmed and suspected COVID-19 cases in California","[""Snowflake data pulled by FaaS script and published to Github""]","","","","","","","","","","","","","","","","","","[""English""]","","","","","2021-03-30T00:48:00.000Z","","","","","[""Web component"",""d3 chart""]","","[{""id"":""attxap4wsIYMAHdtC"",""url"":""https://dl.airtable.com/.attachments/d6d74691005d816c501815b232739afe/1b1fdd0d/ScreenShot2021-03-29at5_47_16PM.png"",""filename"":""Screen Shot 2021-03-29 at 5_47_16 PM.png"",""size"":43179,""type"":""image/png"",""thumbnails"":{""small"":{""url"":""https://dl.airtable.com/.attachmentThumbnails/1da343e0daa9fd423aa7ab6d516691f1/5439b6bf"",""width"":33,""height"":36},""large"":{""url"":""https://dl.airtable.com/.attachmentThumbnails/5e7dce5596f2757410292e1d4abac908/7d0f5a13"",""width"":467,""height"":516},""full"":{""url"":""https://dl.airtable.com/.attachmentThumbnails/9d5dbec39ab34ac417a58d83a4b25bd1/11eb594b"",""width"":3000,""height"":3000}}}]","2"
"","Impact on hospitals and ICUs, Hospitalized Patients,  Intensive Care Unit, ICU Beds","Impact on hospitals and ICUs","v2.0.0","Impact on hospitals and ICUs, Hospitalized Patients, ICU Beds","The number of hospitalizations due to confirmed and suspected COVID-19 cases in California","[""Snowflake data pulled by FaaS script and published to Github""]","","","","","","","","","","","","","","","","","","[""English""]","","","","","2021-03-30T00:48:00.000Z","","","","","[""Web component"",""d3 chart""]","","[{""id"":""attiwzYEno7ftEvit"",""url"":""https://dl.airtable.com/.attachments/c5fa758daf4606b8466560b4624621e5/a5d36bd5/ScreenShot2021-03-29at5_47_16PM.png"",""filename"":""Screen Shot 2021-03-29 at 5_47_16 PM.png"",""size"":43179,""type"":""image/png"",""thumbnails"":{""small"":{""url"":""https://dl.airtable.com/.attachmentThumbnails/b1f4526603287b1fc9d6434b3afaea41/9a368c68"",""width"":33,""height"":36},""large"":{""url"":""https://dl.airtable.com/.attachmentThumbnails/ef766f200297bd95760450f03daf483d/bcbc66ed"",""width"":467,""height"":516},""full"":{""url"":""https://dl.airtable.com/.attachmentThumbnails/f5a106139060360c93d682a17fd14a3b/17e034d2"",""width"":3000,""height"":3000}}}]","2"